user_id,first_name,last_name,email,password_hash,phone,street_address,city,state,zip_code,created_at
1,Alice,Doe,alice.doe1@example.com,hash_pwd_4905,555-416-9616,2670 Main St,Peshawar,KP,57959,2025-12-19 00:00:00
2,Jane,Miller,jane.miller2@example.com,hash_pwd_2998,555-891-5708,3596 Main St,Lahore,CA,91805,2025-03-16 00:00:00
3,Diana,Khan,diana.khan3@example.com,hash_pwd_8537,555-763-1484,2035 Main St,New York,KP,92996,2025-01-11 00:00:00
4,Judy,Doe,judy.doe4@example.com,hash_pwd_5109,555-690-3686,7448 Main St,Phoenix,KP,82217,2025-05-20 00:00:00
5,Heidi,Ahmed,heidi.ahmed5@example.com,hash_pwd_9542,555-728-2132,2150 Main St,Phoenix,PB,13177,2026-02-27 00:00:00
6,Bob,Rodriguez,bob.rodriguez6@example.com,hash_pwd_3393,555-253-8640,9165 Main St,Los Angeles,CA,24711,2025-07-29 00:00:00
7,Sara,Miller,sara.miller7@example.com,hash_pwd_9391,555-772-4974,2463 Main St,Houston,CA,74596,2026-01-06 00:00:00
8,Judy,Ahmed,judy.ahmed8@example.com,hash_pwd_4740,555-418-1280,729 Main St,Lahore,IS,45794,2025-08-19 00:00:00
9,Omar,Williams,omar.williams9@example.com,hash_pwd_1896,555-461-5579,7060 Main St,New York,CA,81044,2025-07-24 00:00:00
10,Heidi,Rodriguez,heidi.rodriguez10@example.com,hash_pwd_2677,555-851-1371,7942 Main St,Houston,SD,60738,2025-10-28 00:00:00
11,Ali,Brown,ali.brown11@example.com,hash_pwd_7980,555-632-2359,1161 Main St,Islamabad,NY,83914,2026-03-20 00:00:00
12,Frank,Johnson,frank.johnson12@example.com,hash_pwd_7753,555-142-4475,7182 Main St,New York,PB,70602,2026-04-14 00:00:00
13,Alice,Brown,alice.brown13@example.com,hash_pwd_5911,555-612-4871,9773 Main St,Peshawar,SD,47162,2025-05-21 00:00:00
14,Diana,Ahmed,diana.ahmed14@example.com,hash_pwd_6378,555-683-7375,3852 Main St,Houston,IS,63985,2025-03-31 00:00:00
15,Bob,Doe,bob.doe15@example.com,hash_pwd_6271,555-421-5818,4556 Main St,Phoenix,CA,56988,2025-01-26 00:00:00
16,Omar,Ahmed,omar.ahmed16@example.com,hash_pwd_2675,555-404-6785,2159 Main St,Islamabad,CA,74139,2025-06-26 00:00:00
17,John,Williams,john.williams17@example.com,hash_pwd_6065,555-843-8390,7803 Main St,New York,PB,57734,2025-09-08 00:00:00
18,John,Khan,john.khan18@example.com,hash_pwd_5036,555-884-7783,984 Main St,Islamabad,CA,39562,2025-02-12 00:00:00
19,Bob,Davis,bob.davis19@example.com,hash_pwd_1703,555-563-8486,7578 Main St,Houston,IL,82131,2025-09-15 00:00:00
20,Frank,Garcia,frank.garcia20@example.com,hash_pwd_9184,555-654-3500,4754 Main St,Los Angeles,CA,35755,2025-06-12 00:00:00
21,Diana,Rodriguez,diana.rodriguez21@example.com,hash_pwd_6159,555-716-9704,8764 Main St,Los Angeles,NY,76752,2026-02-04 00:00:00
22,Ivan,Miller,ivan.miller22@example.com,hash_pwd_5258,555-463-4287,1281 Main St,New York,AZ,99161,2025-11-28 00:00:00
23,Sara,Johnson,sara.johnson23@example.com,hash_pwd_5905,555-631-7063,1719 Main St,Peshawar,KP,81242,2025-10-09 00:00:00
24,John,Khan,john.khan24@example.com,hash_pwd_8310,555-960-6561,5120 Main St,Los Angeles,TX,25130,2025-01-09 00:00:00
25,Maqbool,Ahmed,maqbool.ahmed25@example.com,hash_pwd_7640,555-430-1457,294 Main St,Los Angeles,PB,48143,2025-01-13 00:00:00
26,Diana,Doe,diana.doe26@example.com,hash_pwd_2699,555-680-1539,1540 Main St,Karachi,PB,63476,2025-06-30 00:00:00
27,Sara,Johnson,sara.johnson27@example.com,hash_pwd_6326,555-158-6189,6651 Main St,Islamabad,CA,91369,2025-04-24 00:00:00
28,Diana,Williams,diana.williams28@example.com,hash_pwd_4614,555-495-8618,1607 Main St,Lahore,IS,60767,2026-04-19 00:00:00
29,Omar,Jones,omar.jones29@example.com,hash_pwd_3340,555-975-4449,4683 Main St,Los Angeles,AZ,66220,2025-06-01 00:00:00
30,Alice,Hussain,alice.hussain30@example.com,hash_pwd_9590,555-438-6208,8719 Main St,Los Angeles,SD,36648,2025-04-08 00:00:00
31,Jane,Rodriguez,jane.rodriguez31@example.com,hash_pwd_7094,555-454-3181,2780 Main St,Islamabad,IS,63929,2025-12-02 00:00:00
32,Ali,Doe,ali.doe32@example.com,hash_pwd_8693,555-486-3626,2439 Main St,Peshawar,TX,56555,2025-08-03 00:00:00
33,Frank,Smith,frank.smith33@example.com,hash_pwd_5396,555-276-9965,6843 Main St,Islamabad,TX,60534,2025-05-08 00:00:00
34,Judy,Davis,judy.davis34@example.com,hash_pwd_6467,555-966-3829,1241 Main St,Los Angeles,IL,59826,2026-04-01 00:00:00
35,John,Hussain,john.hussain35@example.com,hash_pwd_4054,555-957-2295,3304 Main St,Peshawar,TX,59253,2025-03-05 00:00:00
36,Judy,Miller,judy.miller36@example.com,hash_pwd_3962,555-852-4446,1638 Main St,Phoenix,TX,38345,2025-02-14 00:00:00
37,Bob,Ahmed,bob.ahmed37@example.com,hash_pwd_9910,555-109-7096,9344 Main St,Los Angeles,TX,21681,2026-01-03 00:00:00
38,John,Ahmed,john.ahmed38@example.com,hash_pwd_3253,555-776-7919,9669 Main St,Karachi,SD,96589,2025-11-15 00:00:00
39,Ivan,Davis,ivan.davis39@example.com,hash_pwd_6583,555-928-9686,463 Main St,Lahore,IS,27708,2026-01-18 00:00:00
40,Frank,Brown,frank.brown40@example.com,hash_pwd_8282,555-471-7711,515 Main St,Peshawar,IL,13039,2025-07-18 00:00:00
41,Sara,Doe,sara.doe41@example.com,hash_pwd_1149,555-670-6840,8504 Main St,Lahore,KP,88373,2025-11-03 00:00:00
42,Charlie,Garcia,charlie.garcia42@example.com,hash_pwd_3957,555-359-5813,5504 Main St,Peshawar,TX,20796,2025-10-12 00:00:00
43,Charlie,Rodriguez,charlie.rodriguez43@example.com,hash_pwd_9484,555-530-8615,4327 Main St,Peshawar,PB,29629,2026-02-12 00:00:00
44,Frank,Rodriguez,frank.rodriguez44@example.com,hash_pwd_9483,555-611-6837,7914 Main St,Houston,CA,52990,2026-03-15 00:00:00
45,Ivan,Johnson,ivan.johnson45@example.com,hash_pwd_3776,555-849-5681,2258 Main St,Phoenix,PB,31789,2026-04-26 00:00:00
46,Jane,Hussain,jane.hussain46@example.com,hash_pwd_6907,555-136-8515,9589 Main St,Lahore,CA,68666,2026-03-24 00:00:00
47,Sara,Smith,sara.smith47@example.com,hash_pwd_5684,555-814-2046,9136 Main St,Chicago,AZ,88076,2025-10-17 00:00:00
48,Heidi,Hussain,heidi.hussain48@example.com,hash_pwd_7137,555-761-3412,7277 Main St,Lahore,CA,71528,2025-05-25 00:00:00
49,Ali,Garcia,ali.garcia49@example.com,hash_pwd_9979,555-504-9717,5993 Main St,Phoenix,CA,62639,2026-01-07 00:00:00
50,Charlie,Brown,charlie.brown50@example.com,hash_pwd_2231,555-525-2995,9295 Main St,Houston,SD,37055,2025-10-06 00:00:00
51,Bob,Miller,bob.miller51@example.com,hash_pwd_4106,555-657-3438,8634 Main St,Karachi,IS,95429,2025-02-01 00:00:00
52,Sara,Miller,sara.miller52@example.com,hash_pwd_4285,555-769-3467,4751 Main St,New York,IL,45707,2026-04-15 00:00:00
53,Charlie,Garcia,charlie.garcia53@example.com,hash_pwd_5086,555-315-2139,6889 Main St,Chicago,TX,47312,2025-06-05 00:00:00
54,Ali,Miller,ali.miller54@example.com,hash_pwd_5661,555-359-7537,5413 Main St,Karachi,CA,92999,2025-10-31 00:00:00
55,Maqbool,Miller,maqbool.miller55@example.com,hash_pwd_4891,555-703-4043,6486 Main St,Los Angeles,AZ,87967,2025-12-09 00:00:00
56,Charlie,Williams,charlie.williams56@example.com,hash_pwd_2272,555-639-9195,9135 Main St,Lahore,IS,40591,2025-10-03 00:00:00
57,Judy,Rodriguez,judy.rodriguez57@example.com,hash_pwd_2944,555-973-8434,240 Main St,Islamabad,IL,67990,2025-01-14 00:00:00
58,Sara,Rodriguez,sara.rodriguez58@example.com,hash_pwd_8363,555-742-7086,6468 Main St,New York,NY,96766,2025-02-15 00:00:00
59,Sara,Rodriguez,sara.rodriguez59@example.com,hash_pwd_3672,555-641-1581,4479 Main St,Lahore,TX,28338,2026-01-28 00:00:00
60,Ivan,Johnson,ivan.johnson60@example.com,hash_pwd_5375,555-821-5350,6577 Main St,New York,IS,18718,2026-03-26 00:00:00
